 
  <beans xmlns="http://www.springframework.org/schema/beans"
    xmlns:xsi="http://www.w3.org/2001/XMLSchema-instance"
    xmlns:context="http://www.springframework.org/schema/context"
    xsi:schemaLocation="http://www.springframework.org/schema/beans
    http://www.springframework.org/schema/beans/spring-beans.xsd
    http://www.springframework.org/schema/context
    http://www.springframework.org/schema/context/spring-context.xsd">
  <context:component-scan base-package="com.spring"/>
  
<!-- <bean id="st" class="com.spring.practice.Student">  
  <property name="studentDao"></property>
</bean> -->


<bean id="ds" class="org.springframework.jdbc.datasource.DriverManagerDataSource">

<property name="driverClassName" value="com.mysql.jdbc.Driver" />
		<property name="url" value="jdbc:mysql://localhost:3306/sys" />
		<property name="username" value="root" />
		<property name="password" value="password-1" />


</bean>
<bean id="jdbcTemplate" class="org.springframework.jdbc.core.JdbcTemplate"  autowire="byType">  
<!-- <property name="dataSource" ref="ds"></property>   -->
</bean>  
  
<!-- <bean id="edao" class="com.spring.dao.StudentDaoJdbcImpl">  
<property name="jdbcTemplate" ref="jdbcTemplate"></property>  
</bean>  --> 


</beans>